scenario,breadth_herb,breadth_pred,temporal_bins,delta_beta_mean,lo95,hi95,abs_vs_thin_fraction,attenuation_fraction
weak,0.3,0.45,8,-0.05035075370468075,-0.05429231967269488,-0.046536292705238305,1.0,0.0
weak,0.3,0.45,4,-0.07189725257692414,-0.07893368385109362,-0.06287195067181005,1.4279280306034499,-0.42792803060344986
weak,0.3,0.45,2,-0.12602614063224366,-0.15039882533086935,-0.1084117244821543,2.5029643323994155,-1.5029643323994155
weak,0.3,0.45,1,-0.18901822556159895,-0.23002461815627412,-0.14756250651524716,3.754029714634188,-2.754029714634188
moderate,0.3,0.7,8,-0.09668966792590479,-0.1006107625020523,-0.09225954374443493,1.0,0.0
moderate,0.3,0.7,4,-0.18654982499777728,-0.19711041544795094,-0.17779964237467547,1.9293666944924674,-0.9293666944924674
moderate,0.3,0.7,2,-0.3238166979082656,-0.3405742167052651,-0.3022208203817254,3.3490310273525066,-2.3490310273525066
moderate,0.3,0.7,1,-0.3932552067134081,-0.42375568508253864,-0.37041908069877355,4.067189547230293,-3.067189547230293
strong,0.15,0.9,8,-0.17210443653856652,-0.17690592773634858,-0.16760812167107106,1.0,0.0
strong,0.15,0.9,4,-0.34904280871595406,-0.3597464293222573,-0.3407703480468844,2.0280872227122266,-1.0280872227122266
strong,0.15,0.9,2,-0.5865742109136746,-0.6029971154176328,-0.5695111853416205,3.408245729808542,-2.408245729808542
strong,0.15,0.9,1,-0.7009975957745588,-0.7156314193740334,-0.6836360392873265,4.073094278528222,-3.073094278528222
